[
	{
		"id": "post_001",
		"title": "Hidden Temple of Devkund",
		"thumbnail": "images/devkund-thumb.jpg",
		"author": "userId",
		"created_on": "2025-04-10T14:30:00Z",
		"location_name": "Devkund, Maharashtra",
		"short_description": "A tranquil trek through forest trails reveals this hidden gem near Bhira village.",
		"likes": 45
	},
	{
		"id": "post_Z1VVESAHgQYo",
		"title": "Waterfall in the middle of the city",
		"author": "eYEg4KoEY6mDDfUTcWyvw7Gu",
		"thumbnail": "1744405418302-hero.png",
		"createdOn": "12/4/2025, 2:33:38 am",
		"location": "Hyderabad, Telanagana",
		"description": "Hidden place, not known to lot of people, a waterfall near a lake",
		"likes": 0
	},
	{
		"id": "post_BfJS0Wiqclfq",
		"title": "Abandoned Palace",
		"author": "eYEg4KoEY6mDDfUTcWyvw7Gu",
		"thumbnail": "1744407483362-fgdg.jpg",
		"createdOn": "12/4/2025, 3:08:03 am",
		"location": "Hyderabad, Telangana",
		"description": "Lorem Ipsum is simply dummy text of the printing and typesetting industry. Lorem Ipsum has been the industry's standard dummy text ever since the 1500s, when an unknown printer took a galley of type and scrambled it to make a type specimen book. It has survived not only five centuries, but also the leap into electronic typesetting, remaining essentially unchanged.",
		"likes": 0
	},
	{
		"id": "post_vju2bO1wCjcH",
		"title": "clean and private beach in goa",
		"author": "qUl96qHzR4k1D0t0Xz5GoVzb",
		"thumbnail": "1744434380559-download (1).jpg",
		"createdOn": "12/4/2025, 10:36:20 am",
		"location": "Goa, Goa",
		"description": "The best beaches in Goa are Baga Beach, Calangute Beach and Anjuna Beach. You will have an amazing time exploring these beaches and come back home with a bag full of memories.",
		"likes": 0
	}
]