{
    "id": "post_001",
    "title": "Hidden Temple of Devkund",
    "author": {
        "user": "",
        "is_ambassador": true
    },
    "created_on": "2025-04-10T14:30:00Z",
    "location": {
      "name": "Devkund, Maharashtra",
      "google_maps_link": "https://goo.gl/maps/devkund"
    },
    "description": "Devkund is a lesser-known waterfall temple near Bhira, surrounded by lush forest and tranquil trails. Ideal for a one-day trek.",
    "media": [
      "images/devkund-1.jpg",
      "images/devkund-2.jpg",
      "images/devkund-3.jpg"
    ],
    "travel_info": {
      "how_to_reach": "Trek starts from Bhira village; 3 hours from Pune by road.",
      "best_time": "October to February",
      "entry_fee": "Free"
    },
    "local_experiences": [
      "overall experience"
    ],
    "local_products": [
      {
        "name": "Handmade Bamboo Craft",
        "price_range": "₹150 - ₹400"
      },
      {
        "name": "Local Spices",
        "price_range": "₹100 - ₹250"
      }
    ],
    "likes": 45,
    "comments": [
      {
        "user": "user_id",
        "comment": "Visited last year — magical place!",
        "timestamp": "2025-04-10T15:00:00Z"
      }
    ]
}