{
	"location": {
		"city": "Hyderabad",
		"state": "Telangana",
		"addressLine": "3rd Ave",
		"geo": {
			"lat": "17.486433",
			"long": "78.539859",
			"address": "Secunderabad, 500094, Hill Top Colony, Sainikpuri, Secunderabad, Telangana 500056, India"
		},
		"images": [
			"1744407483362-fgdg.jpg",
			"1744407483363-imagespalce.jpg"
		]
	},
	"howToReach": "can go via car, bus, bike or public transport",
	"bestTime": "afternoon",
	"budget": "100",
	"comments": [
		{
			"by": "eYEg4KoEY6mDDfUTcWyvw7Gu",
			"messsage": "this is so cool",
			"datetime": "April 12, 2025"
		},
		{
			"by": "eYEg4KoEY6mDDfUTcWyvw7Gu",
			"messsage": "legit so crazy",
			"datetime": "April 12, 2025"
		},
		{
			"by": "eYEg4KoEY6mDDfUTcWyvw7Gu",
			"messsage": "brrrrr",
			"datetime": "April 12, 2025"
		},
		{
			"by": "qUl96qHzR4k1D0t0Xz5GoVzb",
			"messsage": "wow crazy",
			"datetime": "April 12, 2025"
		}
	],
	"market": [
		{
			"image": "",
			"name": "",
			"description": "",
			"priceRange": ""
		},
		{}
	]
}