{
	"location": {
		"city": "Goa",
		"state": "Goa",
		"addressLine": "Baga Beach",
		"geo": {
			"lat": "15.553667",
			"long": "73.753840",
			"address": "341/A, Baga, Calangute, Goa 403516, India"
		},
		"images": [
			"1744434380559-download (1).jpg",
			"1744434380561-download.jpg"
		]
	},
	"howToReach": "can rent a scooter, quite reasonable, crowd is kinda annoyin",
	"bestTime": "summer",
	"budget": "free",
	"comments": [
		{
			"by": "eYEg4KoEY6mDDfUTcWyvw7Gu",
			"messsage": "",
			"datetime": "April 12, 2025"
		},
		{
			"by": "eYEg4KoEY6mDDfUTcWyvw7Gu",
			"messsage": "omg this is amazing!!",
			"datetime": "April 12, 2025"
		}
	],
	"market": []
}